{
    "v1": {
        "IoU": 0.0,
        "dice": 0.0
    },
    "v2": {
        "IoU": 0.0,
        "dice": 0.0
    },
    "v3": {
        "IoU": 0.052477840451248994,
        "dice": 0.09972246147956743
    }
}