{
    "v1": {
        "IoU": 0.0005027652086475615,
        "dice": 0.0010050251256281408
    },
    "v2": {
        "IoU": 0.806184012066365,
        "dice": 0.8926931106471816
    },
    "v3": {
        "IoU": 0.8539467068878833,
        "dice": 0.9212203389830509
    }
}