{
    "v1": {
        "IoU": 0.005017921146953405,
        "dice": 0.009985734664764621
    },
    "v2": {
        "IoU": 0.05089605734767025,
        "dice": 0.09686221009549795
    },
    "v3": {
        "IoU": 0.4064516129032258,
        "dice": 0.5779816513761468
    }
}