{
    "v1": {
        "IoU": 0.14960629921259844,
        "dice": 0.2602739726027397
    },
    "v2": {
        "IoU": 0.34744094488188976,
        "dice": 0.5157048940832725
    },
    "v3": {
        "IoU": 0.3608652900688299,
        "dice": 0.5303468208092486
    }
}