{
    "v1": {
        "IoU": 0.31264280274181266,
        "dice": 0.4763562518131709
    },
    "v2": {
        "IoU": 0.5076569678407351,
        "dice": 0.6734382935500254
    },
    "v3": {
        "IoU": 0.48162327718223585,
        "dice": 0.6501291989664083
    }
}