{
    "v1": {
        "IoU": 0.0005461496450027307,
        "dice": 0.001091703056768559
    },
    "v2": {
        "IoU": 0.8510526315789474,
        "dice": 0.9195336934887688
    },
    "v3": {
        "IoU": 0.8313378448724622,
        "dice": 0.9079022171688459
    }
}