{
    "v1": {
        "IoU": 0.3417190775681342,
        "dice": 0.509375
    },
    "v2": {
        "IoU": 0.8,
        "dice": 0.8888888888888888
    },
    "v3": {
        "IoU": 0.7288842544316997,
        "dice": 0.8431845597104946
    }
}