{
    "v1": {
        "IoU": 0.0004149377593360996,
        "dice": 0.0008295313148071339
    },
    "v2": {
        "IoU": 0.008713692946058092,
        "dice": 0.01727684080625257
    },
    "v3": {
        "IoU": 0.007053941908713693,
        "dice": 0.014009064688916358
    }
}