{
    "v1": {
        "IoU": 0.0023594180102241447,
        "dice": 0.004707728520988623
    },
    "v2": {
        "IoU": 0.03578450648839953,
        "dice": 0.06909643128321943
    },
    "v3": {
        "IoU": 0.033818324813212744,
        "dice": 0.06542411563332065
    }
}