{
    "v1": {
        "IoU": 0.0005920663114268798,
        "dice": 0.001183431952662722
    },
    "v2": {
        "IoU": 0.03197158081705151,
        "dice": 0.06196213425129088
    },
    "v3": {
        "IoU": 0.8200118413262285,
        "dice": 0.9011060507482108
    }
}