{
    "v1": {
        "IoU": 0.84391771019678,
        "dice": 0.9153528983749697
    },
    "v2": {
        "IoU": 0.9145796064400715,
        "dice": 0.9553842560149498
    },
    "v3": {
        "IoU": 0.9235241502683363,
        "dice": 0.960241804231574
    }
}