{
    "v1": {
        "IoU": 0.22291021671826625,
        "dice": 0.36455696202531646
    },
    "v2": {
        "IoU": 0.3494957331264546,
        "dice": 0.5179649324518539
    },
    "v3": {
        "IoU": 0.616692426584235,
        "dice": 0.762906309751434
    }
}