{
    "v1": {
        "IoU": 0.0014005602240896359,
        "dice": 0.002797202797202797
    },
    "v2": {
        "IoU": 0.19607843137254902,
        "dice": 0.32786885245901637
    },
    "v3": {
        "IoU": 0.4736111111111111,
        "dice": 0.6427898209236569
    }
}