{
    "v1": {
        "IoU": 0.05930807248764415,
        "dice": 0.1119751166407465
    },
    "v2": {
        "IoU": 0.45585874799357945,
        "dice": 0.6262403528114664
    },
    "v3": {
        "IoU": 0.42207792207792205,
        "dice": 0.593607305936073
    }
}