{
    "v1": {
        "IoU": 0.6701846965699209,
        "dice": 0.8025276461295419
    },
    "v2": {
        "IoU": 0.8588979895755771,
        "dice": 0.9240937312237132
    },
    "v3": {
        "IoU": 0.8071481757259866,
        "dice": 0.8932838895756078
    }
}