{
    "v1": {
        "IoU": 0.0014204545454545455,
        "dice": 0.0028368794326241137
    },
    "v2": {
        "IoU": 0.07457386363636363,
        "dice": 0.13879709187045605
    },
    "v3": {
        "IoU": 0.08522727272727272,
        "dice": 0.15706806282722513
    }
}