{
    "v1": {
        "IoU": 0.10230912512237551,
        "dice": 0.14159782026283968
    },
    "v2": {
        "IoU": 0.3092245579197121,
        "dice": 0.39459911814553766
    },
    "v3": {
        "IoU": 0.4276087567841686,
        "dice": 0.5267391518058117
    }
}