{
    "9": {
        "v1": {
            "IoU": 0.14960629921259844,
            "dice": 0.2602739726027397
        },
        "v2": {
            "IoU": 0.34744094488188976,
            "dice": 0.5157048940832725
        },
        "v3": {
            "IoU": 0.3608652900688299,
            "dice": 0.5303468208092486
        }
    },
    "1": {
        "v1": {
            "IoU": 0.3417190775681342,
            "dice": 0.509375
        },
        "v2": {
            "IoU": 0.8,
            "dice": 0.8888888888888888
        },
        "v3": {
            "IoU": 0.7288842544316997,
            "dice": 0.8431845597104946
        }
    },
    "7": {
        "v1": {
            "IoU": 0.005017921146953405,
            "dice": 0.009985734664764621
        },
        "v2": {
            "IoU": 0.05089605734767025,
            "dice": 0.09686221009549795
        },
        "v3": {
            "IoU": 0.4064516129032258,
            "dice": 0.5779816513761468
        }
    },
    "6": {
        "v1": {
            "IoU": 0.6701846965699209,
            "dice": 0.8025276461295419
        },
        "v2": {
            "IoU": 0.8588979895755771,
            "dice": 0.9240937312237132
        },
        "v3": {
            "IoU": 0.8071481757259866,
            "dice": 0.8932838895756078
        }
    },
    "8": {
        "v1": {
            "IoU": 0.0,
            "dice": 0.0
        },
        "v2": {
            "IoU": 0.0,
            "dice": 0.0
        },
        "v3": {
            "IoU": 0.0,
            "dice": 0.0
        }
    },
    "11": {
        "v1": {
            "IoU": 0.0014285714285714286,
            "dice": 0.0028530670470756064
        },
        "v2": {
            "IoU": 0.04071428571428572,
            "dice": 0.07824296499656828
        },
        "v3": {
            "IoU": 0.048928571428571425,
            "dice": 0.09329247531494722
        }
    },
    "2": {
        "v1": {
            "IoU": 0.0,
            "dice": 0.0
        },
        "v2": {
            "IoU": 0.0,
            "dice": 0.0
        },
        "v3": {
            "IoU": 0.052477840451248994,
            "dice": 0.09972246147956743
        }
    },
    "12": {
        "v1": {
            "IoU": 0.05292929292929293,
            "dice": 0.10053722179585571
        },
        "v2": {
            "IoU": 0.3935353535353535,
            "dice": 0.5648013917077414
        },
        "v3": {
            "IoU": 0.8600669892072944,
            "dice": 0.9247699079631853
        }
    },
    "10": {
        "v1": {
            "IoU": 0.0014005602240896359,
            "dice": 0.002797202797202797
        },
        "v2": {
            "IoU": 0.19607843137254902,
            "dice": 0.32786885245901637
        },
        "v3": {
            "IoU": 0.4736111111111111,
            "dice": 0.6427898209236569
        }
    },
    "3": {
        "v1": {
            "IoU": 0.0018867924528301887,
            "dice": 0.003766478342749529
        },
        "v2": {
            "IoU": 0.7150943396226415,
            "dice": 0.8338833883388339
        },
        "v3": {
            "IoU": 0.720754716981132,
            "dice": 0.8377192982456141
        }
    },
    "4": {
        "v1": {
            "IoU": 0.0009633911368015414,
            "dice": 0.0019249278152069298
        },
        "v2": {
            "IoU": 0.2591522157996146,
            "dice": 0.41162968630451413
        },
        "v3": {
            "IoU": 0.6069364161849711,
            "dice": 0.7553956834532374
        }
    },
    "5": {
        "v1": {
            "IoU": 0.002572898799313894,
            "dice": 0.0051325919589392645
        },
        "v2": {
            "IoU": 0.04888507718696398,
            "dice": 0.09321340964840556
        },
        "v3": {
            "IoU": 0.06518010291595197,
            "dice": 0.12238325281803543
        }
    }
}