{
    "v1": {
        "IoU": 0.0018867924528301887,
        "dice": 0.003766478342749529
    },
    "v2": {
        "IoU": 0.7150943396226415,
        "dice": 0.8338833883388339
    },
    "v3": {
        "IoU": 0.720754716981132,
        "dice": 0.8377192982456141
    }
}