{
    "v1": {
        "IoU": 0.0004310344827586207,
        "dice": 0.0008616975441619991
    },
    "v2": {
        "IoU": 0.007327586206896552,
        "dice": 0.014548566538296961
    },
    "v3": {
        "IoU": 0.007327586206896552,
        "dice": 0.014548566538296961
    }
}