{
    "v1": {
        "IoU": 0.10906133892915883,
        "dice": 0.14458815698616773
    },
    "v2": {
        "IoU": 0.36405555687080565,
        "dice": 0.43713609295668837
    },
    "v3": {
        "IoU": 0.40234042035190537,
        "dice": 0.4795837374259293
    }
}