{
    "9": {
        "v1": {
            "IoU": 0.0020639834881320948,
            "dice": 0.004119464469618949
        },
        "v2": {
            "IoU": 0.8209183673469388,
            "dice": 0.9016531241244046
        },
        "v3": {
            "IoU": 0.8417880462079357,
            "dice": 0.9140987182983366
        }
    },
    "1": {
        "v1": {
            "IoU": 0.0,
            "dice": 0.0
        },
        "v2": {
            "IoU": 0.0,
            "dice": 0.0
        },
        "v3": {
            "IoU": 0.0,
            "dice": 0.0
        }
    },
    "13": {
        "v1": {
            "IoU": 0.31264280274181266,
            "dice": 0.4763562518131709
        },
        "v2": {
            "IoU": 0.5076569678407351,
            "dice": 0.6734382935500254
        },
        "v3": {
            "IoU": 0.48162327718223585,
            "dice": 0.6501291989664083
        }
    },
    "7": {
        "v1": {
            "IoU": 0.0,
            "dice": 0.0
        },
        "v2": {
            "IoU": 0.0,
            "dice": 0.0
        },
        "v3": {
            "IoU": 0.0,
            "dice": 0.0
        }
    },
    "6": {
        "v1": {
            "IoU": 0.84391771019678,
            "dice": 0.9153528983749697
        },
        "v2": {
            "IoU": 0.9145796064400715,
            "dice": 0.9553842560149498
        },
        "v3": {
            "IoU": 0.9235241502683363,
            "dice": 0.960241804231574
        }
    },
    "8": {
        "v1": {
            "IoU": 0.0688327962764053,
            "dice": 0.12879993300393602
        },
        "v2": {
            "IoU": 0.33367983367983367,
            "dice": 0.5003897116134061
        },
        "v3": {
            "IoU": 0.8003784295175024,
            "dice": 0.8891224382553863
        }
    },
    "11": {
        "v1": {
            "IoU": 0.0036809815950920245,
            "dice": 0.007334963325183374
        },
        "v2": {
            "IoU": 0.081799591002045,
            "dice": 0.15122873345935728
        },
        "v3": {
            "IoU": 0.3918200408997955,
            "dice": 0.56303261827799
        }
    },
    "2": {
        "v1": {
            "IoU": 0.0011716461628588166,
            "dice": 0.0023405500292568754
        },
        "v2": {
            "IoU": 0.012888107791446984,
            "dice": 0.025448235974551765
        },
        "v3": {
            "IoU": 0.01054481546572935,
            "dice": 0.020869565217391306
        }
    },
    "12": {
        "v1": {
            "IoU": 0.05930807248764415,
            "dice": 0.1119751166407465
        },
        "v2": {
            "IoU": 0.45585874799357945,
            "dice": 0.6262403528114664
        },
        "v3": {
            "IoU": 0.42207792207792205,
            "dice": 0.593607305936073
        }
    },
    "10": {
        "v1": {
            "IoU": 0.0017699115044247787,
            "dice": 0.0035335689045936395
        },
        "v2": {
            "IoU": 0.7440381558028617,
            "dice": 0.853236098450319
        },
        "v3": {
            "IoU": 0.5835164835164836,
            "dice": 0.7369882026370576
        }
    },
    "15": {
        "v1": {
            "IoU": 0.0017241379310344827,
            "dice": 0.0034423407917383822
        },
        "v2": {
            "IoU": 0.01896551724137931,
            "dice": 0.03722504230118443
        },
        "v3": {
            "IoU": 0.015517241379310345,
            "dice": 0.030560271646859084
        }
    },
    "14": {
        "v1": {
            "IoU": 0.0,
            "dice": 0.0
        },
        "v2": {
            "IoU": 0.0,
            "dice": 0.0
        },
        "v3": {
            "IoU": 0.0,
            "dice": 0.0
        }
    },
    "3": {
        "v1": {
            "IoU": 0.3325147347740668,
            "dice": 0.4990785108735717
        },
        "v2": {
            "IoU": 0.5952848722986247,
            "dice": 0.7463054187192119
        },
        "v3": {
            "IoU": 0.5682711198428291,
            "dice": 0.7247103037895396
        }
    },
    "4": {
        "v1": {
            "IoU": 0.0014204545454545455,
            "dice": 0.0028368794326241137
        },
        "v2": {
            "IoU": 0.07457386363636363,
            "dice": 0.13879709187045605
        },
        "v3": {
            "IoU": 0.08522727272727272,
            "dice": 0.15706806282722513
        }
    },
    "5": {
        "v1": {
            "IoU": 0.006872852233676976,
            "dice": 0.013651877133105802
        },
        "v2": {
            "IoU": 0.9005897219882055,
            "dice": 0.9476950354609929
        },
        "v3": {
            "IoU": 0.9108175061932288,
            "dice": 0.9533275713050994
        }
    }
}