{
    "v1": {
        "IoU": 0.00030165912518853697,
        "dice": 0.0006031363088057901
    },
    "v2": {
        "IoU": 0.0033182503770739064,
        "dice": 0.00661455201443175
    },
    "v3": {
        "IoU": 0.0033182503770739064,
        "dice": 0.00661455201443175
    }
}