{
    "v1": {
        "IoU": 0.002572898799313894,
        "dice": 0.0051325919589392645
    },
    "v2": {
        "IoU": 0.04888507718696398,
        "dice": 0.09321340964840556
    },
    "v3": {
        "IoU": 0.06518010291595197,
        "dice": 0.12238325281803543
    }
}