{
    "v1": {
        "IoU": 0.05292929292929293,
        "dice": 0.10053722179585571
    },
    "v2": {
        "IoU": 0.3935353535353535,
        "dice": 0.5648013917077414
    },
    "v3": {
        "IoU": 0.8600669892072944,
        "dice": 0.9247699079631853
    }
}