{
    "v1": {
        "IoU": 0.0017699115044247787,
        "dice": 0.0035335689045936395
    },
    "v2": {
        "IoU": 0.7440381558028617,
        "dice": 0.853236098450319
    },
    "v3": {
        "IoU": 0.5835164835164836,
        "dice": 0.7369882026370576
    }
}