{
    "v1": {
        "IoU": 0.0017241379310344827,
        "dice": 0.0034423407917383822
    },
    "v2": {
        "IoU": 0.01896551724137931,
        "dice": 0.03722504230118443
    },
    "v3": {
        "IoU": 0.015517241379310345,
        "dice": 0.030560271646859084
    }
}