{
    "v1": {
        "IoU": 0.0004393673110720562,
        "dice": 0.000878348704435661
    },
    "v2": {
        "IoU": 0.021528998242530756,
        "dice": 0.042150537634408604
    },
    "v3": {
        "IoU": 0.02328646748681898,
        "dice": 0.045513095749248604
    }
}