{
    "v1": {
        "IoU": 0.0014285714285714286,
        "dice": 0.0028530670470756064
    },
    "v2": {
        "IoU": 0.04071428571428572,
        "dice": 0.07824296499656828
    },
    "v3": {
        "IoU": 0.048928571428571425,
        "dice": 0.09329247531494722
    }
}