{
    "v1": {
        "IoU": 0.0036809815950920245,
        "dice": 0.007334963325183374
    },
    "v2": {
        "IoU": 0.081799591002045,
        "dice": 0.15122873345935728
    },
    "v3": {
        "IoU": 0.3918200408997955,
        "dice": 0.56303261827799
    }
}