{
    "v1": {
        "IoU": 0.08084625499454187,
        "dice": 0.1024077635893848
    },
    "v2": {
        "IoU": 0.3072773449026383,
        "dice": 0.3944216693649924
    },
    "v3": {
        "IoU": 0.4748189549711838,
        "dice": 0.5510264956115467
    }
}