{
    "1": {
        "v1": {
            "IoU": 0.00030165912518853697,
            "dice": 0.0006031363088057901
        },
        "v2": {
            "IoU": 0.0033182503770739064,
            "dice": 0.00661455201443175
        },
        "v3": {
            "IoU": 0.0033182503770739064,
            "dice": 0.00661455201443175
        }
    },
    "10": {
        "v1": {
            "IoU": 0.0010509721492380452,
            "dice": 0.002099737532808399
        },
        "v2": {
            "IoU": 0.3152916447714136,
            "dice": 0.4794246903715541
        },
        "v3": {
            "IoU": 0.6840187402394586,
            "dice": 0.8123647604327666
        }
    },
    "11": {
        "v1": {
            "IoU": 0.0003176620076238882,
            "dice": 0.0006351222610352493
        },
        "v2": {
            "IoU": 0.3090851334180432,
            "dice": 0.4722154816792041
        },
        "v3": {
            "IoU": 0.6583831393519974,
            "dice": 0.7940060698027314
        }
    },
    "12": {
        "v1": {
            "IoU": 0.7405309734513275,
            "dice": 0.8509253609924751
        },
        "v2": {
            "IoU": 0.848141592920354,
            "dice": 0.9178318329821873
        },
        "v3": {
            "IoU": 0.8601769911504424,
            "dice": 0.9248334919124643
        }
    },
    "2": {
        "v1": {
            "IoU": 0.22291021671826625,
            "dice": 0.36455696202531646
        },
        "v2": {
            "IoU": 0.3494957331264546,
            "dice": 0.5179649324518539
        },
        "v3": {
            "IoU": 0.616692426584235,
            "dice": 0.762906309751434
        }
    },
    "3": {
        "v1": {
            "IoU": 0.0005027652086475615,
            "dice": 0.0010050251256281408
        },
        "v2": {
            "IoU": 0.806184012066365,
            "dice": 0.8926931106471816
        },
        "v3": {
            "IoU": 0.8539467068878833,
            "dice": 0.9212203389830509
        }
    },
    "4": {
        "v1": {
            "IoU": 0.0003257328990228013,
            "dice": 0.0006512536633018561
        },
        "v2": {
            "IoU": 0.3719869706840391,
            "dice": 0.5422602089268755
        },
        "v3": {
            "IoU": 0.34201954397394135,
            "dice": 0.5097087378640777
        }
    },
    "5": {
        "v1": {
            "IoU": 0.0004149377593360996,
            "dice": 0.0008295313148071339
        },
        "v2": {
            "IoU": 0.008713692946058092,
            "dice": 0.01727684080625257
        },
        "v3": {
            "IoU": 0.007053941908713693,
            "dice": 0.014009064688916358
        }
    },
    "6": {
        "v1": {
            "IoU": 0.0005920663114268798,
            "dice": 0.001183431952662722
        },
        "v2": {
            "IoU": 0.03197158081705151,
            "dice": 0.06196213425129088
        },
        "v3": {
            "IoU": 0.8200118413262285,
            "dice": 0.9011060507482108
        }
    },
    "7": {
        "v1": {
            "IoU": 0.0,
            "dice": 0.0
        },
        "v2": {
            "IoU": 0.0,
            "dice": 0.0
        },
        "v3": {
            "IoU": 0.0,
            "dice": 0.0
        }
    },
    "8": {
        "v1": {
            "IoU": 0.0008486562942008486,
            "dice": 0.0016958733747880158
        },
        "v2": {
            "IoU": 0.6073550212164074,
            "dice": 0.7557198169658571
        },
        "v3": {
            "IoU": 0.8183875530410184,
            "dice": 0.9001244555071561
        }
    },
    "9": {
        "v1": {
            "IoU": 0.0023594180102241447,
            "dice": 0.004707728520988623
        },
        "v2": {
            "IoU": 0.03578450648839953,
            "dice": 0.06909643128321943
        },
        "v3": {
            "IoU": 0.033818324813212744,
            "dice": 0.06542411563332065
        }
    }
}