{
    "v1": {
        "IoU": 0.7405309734513275,
        "dice": 0.8509253609924751
    },
    "v2": {
        "IoU": 0.848141592920354,
        "dice": 0.9178318329821873
    },
    "v3": {
        "IoU": 0.8601769911504424,
        "dice": 0.9248334919124643
    }
}