{
    "v1": {
        "IoU": 0.0010509721492380452,
        "dice": 0.002099737532808399
    },
    "v2": {
        "IoU": 0.3152916447714136,
        "dice": 0.4794246903715541
    },
    "v3": {
        "IoU": 0.6840187402394586,
        "dice": 0.8123647604327666
    }
}