{
    "v1": {
        "IoU": 0.3325147347740668,
        "dice": 0.4990785108735717
    },
    "v2": {
        "IoU": 0.5952848722986247,
        "dice": 0.7463054187192119
    },
    "v3": {
        "IoU": 0.5682711198428291,
        "dice": 0.7247103037895396
    }
}