{
    "v1": {
        "IoU": 0.0009633911368015414,
        "dice": 0.0019249278152069298
    },
    "v2": {
        "IoU": 0.2591522157996146,
        "dice": 0.41162968630451413
    },
    "v3": {
        "IoU": 0.6069364161849711,
        "dice": 0.7553956834532374
    }
}