{
    "v1": {
        "IoU": 0.0020639834881320948,
        "dice": 0.004119464469618949
    },
    "v2": {
        "IoU": 0.8209183673469388,
        "dice": 0.9016531241244046
    },
    "v3": {
        "IoU": 0.8417880462079357,
        "dice": 0.9140987182983366
    }
}