{
    "v1": {
        "IoU": 0.0003257328990228013,
        "dice": 0.0006512536633018561
    },
    "v2": {
        "IoU": 0.3719869706840391,
        "dice": 0.5422602089268755
    },
    "v3": {
        "IoU": 0.34201954397394135,
        "dice": 0.5097087378640777
    }
}