{
    "v1": {
        "IoU": 0.0003176620076238882,
        "dice": 0.0006351222610352493
    },
    "v2": {
        "IoU": 0.3090851334180432,
        "dice": 0.4722154816792041
    },
    "v3": {
        "IoU": 0.6583831393519974,
        "dice": 0.7940060698027314
    }
}