{
    "v1": {
        "IoU": 0.0011716461628588166,
        "dice": 0.0023405500292568754
    },
    "v2": {
        "IoU": 0.012888107791446984,
        "dice": 0.025448235974551765
    },
    "v3": {
        "IoU": 0.01054481546572935,
        "dice": 0.020869565217391306
    }
}