{
    "v1": {
        "IoU": 0.0017231476163124641,
        "dice": 0.0034403669724770644
    },
    "v2": {
        "IoU": 0.013785180930499713,
        "dice": 0.027195467422096317
    },
    "v3": {
        "IoU": 0.016369902354968408,
        "dice": 0.03221248940378638
    }
}