{
    "v1": {
        "IoU": 0.006872852233676976,
        "dice": 0.013651877133105802
    },
    "v2": {
        "IoU": 0.9005897219882055,
        "dice": 0.9476950354609929
    },
    "v3": {
        "IoU": 0.9108175061932288,
        "dice": 0.9533275713050994
    }
}