{
    "v1": {
        "IoU": 0.0688327962764053,
        "dice": 0.12879993300393602
    },
    "v2": {
        "IoU": 0.33367983367983367,
        "dice": 0.5003897116134061
    },
    "v3": {
        "IoU": 0.8003784295175024,
        "dice": 0.8891224382553863
    }
}