{
    "v1": {
        "IoU": 0.0008486562942008486,
        "dice": 0.0016958733747880158
    },
    "v2": {
        "IoU": 0.6073550212164074,
        "dice": 0.7557198169658571
    },
    "v3": {
        "IoU": 0.8183875530410184,
        "dice": 0.9001244555071561
    }
}